{"cameraMode":{"drawMode":0,"name":"Shaded","section":"Shading Mode"},"sceneLighting":false,"audioPlay":false,"sceneViewState":{"m_AlwaysRefresh":false,"showFog":true,"showSkybox":false,"showFlares":true,"showImageEffects":true,"showParticleSystems":true,"showVisualEffectGraphs":true,"m_FxEnabled":true},"in2DMode":false,"pivot":{"x":-0.09745851159095764,"y":3.6886980533599855,"z":-1.1460940837860108},"rotation":{"x":-0.1556578278541565,"y":-0.01422690600156784,"z":0.0022419914603233339,"w":-0.9877066016197205},"size":2.1369566917419435,"orthographic":false}