{"cameraMode":{"drawMode":0,"name":"Shaded","section":"Shading Mode"},"sceneLighting":true,"audioPlay":false,"sceneViewState":{"m_AlwaysRefresh":false,"showFog":true,"showSkybox":true,"showFlares":true,"showImageEffects":true,"showParticleSystems":true,"showVisualEffectGraphs":true,"m_FxEnabled":true},"in2DMode":false,"pivot":{"x":-0.7357411980628967,"y":0.4535164535045624,"z":-1.9139072895050049},"rotation":{"x":0.008999703451991082,"y":-0.005999813321977854,"z":0.000054308369726641104,"w":0.9999449253082275},"size":7.537365913391113,"orthographic":true}